<?xml version="1.0" encoding="UTF-8" ?>
<!DOCTYPE struts PUBLIC
   "-//Apache Software Foundation//DTD Struts Configuration 2.5//EN"
   "http://struts.apache.org/dtds/struts-2.5.dtd">
<struts>
	<constant name="struts.enable.DynamicMethodInvocation" value="false" />
	<constant name="struts.devMode" value="true" />

	<!-- Convention package default -->
	<constant name="struts.convention.default.parent.package"
		value="default" />

	<!-- Change action path extension from .action to .html -->
	<constant name="struts.action.extension" value=",html" />

	<!-- Select simple theme of Struts -->
	<constant name="struts.ui.theme" value="simple" />

	<!-- Global properties file -->
	<constant name="struts.custom.i18n.resources" value="global" />

	<!-- Interceptor -->
	<package name="default" namespace="/" extends="struts-default">
		<interceptors>
			<interceptor name="authInterceptor" class="hieuboy.struts.interceptor.Auth" />
			<interceptor-stack name="authStack">
				<interceptor-ref name="authInterceptor" />
				<interceptor-ref name="defaultStack" />
			</interceptor-stack>
		</interceptors>
		<global-results>
			<result name="success" type="redirect">/admin/index.html</result>
			<result name="login" type="redirect">/admin/login.html</result>
		</global-results>

	</package>
</struts>